<?xml version="1.0"?>
<doc>
    <assembly>
        <name>Konscious.Security.Cryptography.Blake2</name>
    </assembly>
    <members>
        <member name="T:Konscious.Security.Cryptography.HMACBlake2B">
            <summary>
            An implementation of Blake2b HMAC per RFC-7693
            </summary>
        </member>
        <member name="M:Konscious.Security.Cryptography.HMACBlake2B.#ctor(System.Int32)">
            <summary>
            Construct an HMACBlake2B without a key
            </summary>
            <param name="hashSize">the hash size in bits</param>
        </member>
        <member name="M:Konscious.Security.Cryptography.HMACBlake2B.#ctor(System.Byte[],System.Int32)">
            <summary>
            Construct an HMACBlake2B
            </summary>
            <param name="keyData">The key for the HMAC</param>
            <param name="hashSize">The hash size in bits</param>
        </member>
        <member name="P:Konscious.Security.Cryptography.HMACBlake2B.HashSize">
            <summary>
            Implementation of HashSize <seealso cref="T:System.Security.Cryptography.HashAlgorithm"/>
            </summary>
            <returns>The hash</returns>
        </member>
        <member name="P:Konscious.Security.Cryptography.HMACBlake2B.Key">
            <summary>
            Overridden key to enforce size
            </summary>
        </member>
        <member name="M:Konscious.Security.Cryptography.HMACBlake2B.Initialize">
            <summary>
            Implementation of Initialize - initializes the HMAC buffer
            </summary>
        </member>
        <member name="M:Konscious.Security.Cryptography.HMACBlake2B.HashCore(System.Byte[],System.Int32,System.Int32)">
            <summary>
            Implementation of HashCore
            </summary>
            <param name="data">The data to hash</param>
            <param name="offset">The offset to start hashing from</param>
            <param name="size">The amount of data in the hash to consume</param>
        </member>
        <member name="M:Konscious.Security.Cryptography.HMACBlake2B.HashFinal">
            <summary>
            Finish hashing and return the final hash
            </summary>
            <returns>The final hash from HashCore</returns>
        </member>
    </members>
</doc>
