{
  "runtimes": {
    "alpine": {
      "#import": [
        "linux-musl"
      ]
    },
    "alpine-x64": {
      "#import": [
        "alpine",
        "linux-musl-x64"
      ]
    },
    "alpine.3.10": {
      "#import": [
        "alpine.3.9"
      ]
    },
    "alpine.3.10-x64": {
      "#import": [
        "alpine.3.10",
        "alpine.3.9-x64"
      ]
    },
    "alpine.3.11": {
      "#import": [
        "alpine.3.10"
      ]
    },
    "alpine.3.11-x64": {
      "#import": [
        "alpine.3.11",
        "alpine.3.10-x64"
      ]
    },
    "alpine.3.12": {
      "#import": [
        "alpine.3.11"
      ]
    },
    "alpine.3.12-x64": {
      "#import": [
        "alpine.3.12",
        "alpine.3.11-x64"
      ]
    },
    "alpine.3.6": {
      "#import": [
        "alpine"
      ]
    },
    "alpine.3.6-x64": {
      "#import": [
        "alpine.3.6",
        "alpine-x64"
      ]
    },
    "alpine.3.7": {
      "#import": [
        "alpine.3.6"
      ]
    },
    "alpine.3.7-x64": {
      "#import": [
        "alpine.3.7",
        "alpine.3.6-x64"
      ]
    },
    "alpine.3.8": {
      "#import": [
        "alpine.3.7"
      ]
    },
    "alpine.3.8-x64": {
      "#import": [
        "alpine.3.8",
        "alpine.3.7-x64"
      ]
    },
    "alpine.3.9": {
      "#import": [
        "alpine.3.8"
      ]
    },
    "alpine.3.9-x64": {
      "#import": [
        "alpine.3.9",
        "alpine.3.8-x64"
      ]
    },
    "android": {
      "#import": [
        "linux"
      ]
    },
    "android-arm": {
      "#import": [
        "android",
        "linux-arm"
      ]
    },
    "android-arm64": {
      "#import": [
        "android",
        "linux-arm64"
      ]
    },
    "android.21": {
      "#import": [
        "android"
      ]
    },
    "android.21-arm": {
      "#import": [
        "android.21",
        "android-arm"
      ]
    },
    "android.21-arm64": {
      "#import": [
        "android.21",
        "android-arm64"
      ]
    },
    "any": {
      "#import": [
        "base"
      ]
    },
    "aot": {
      "#import": [
        "any"
      ]
    },
    "base": {
      "#import": []
    },
    "centos": {
      "#import": [
        "rhel"
      ]
    },
    "centos-x64": {
      "#import": [
        "centos",
        "rhel-x64"
      ]
    },
    "centos.7": {
      "#import": [
        "centos",
        "rhel.7"
      ]
    },
    "centos.7-x64": {
      "#import": [
        "centos.7",
        "centos-x64",
        "rhel.7-x64"
      ]
    },
    "centos.8": {
      "#import": [
        "centos",
        "rhel.8"
      ]
    },
    "centos.8-x64": {
      "#import": [
        "centos.8",
        "centos-x64",
        "rhel.8-x64"
      ]
    },
    "debian": {
      "#import": [
        "linux"
      ]
    },
    "debian-arm": {
      "#import": [
        "debian",
        "linux-arm"
      ]
    },
    "debian-arm64": {
      "#import": [
        "debian",
        "linux-arm64"
      ]
    },
    "debian-armel": {
      "#import": [
        "debian",
        "linux-armel"
      ]
    },
    "debian-x64": {
      "#import": [
        "debian",
        "linux-x64"
      ]
    },
    "debian-x86": {
      "#import": [
        "debian",
        "linux-x86"
      ]
    },
    "debian.10": {
      "#import": [
        "debian"
      ]
    },
    "debian.10-arm": {
      "#import": [
        "debian.10",
        "debian-arm"
      ]
    },
    "debian.10-arm64": {
      "#import": [
        "debian.10",
        "debian-arm64"
      ]
    },
    "debian.10-armel": {
      "#import": [
        "debian.10",
        "debian-armel"
      ]
    },
    "debian.10-x64": {
      "#import": [
        "debian.10",
        "debian-x64"
      ]
    },
    "debian.10-x86": {
      "#import": [
        "debian.10",
        "debian-x86"
      ]
    },
    "debian.8": {
      "#import": [
        "debian"
      ]
    },
    "debian.8-arm": {
      "#import": [
        "debian.8",
        "debian-arm"
      ]
    },
    "debian.8-arm64": {
      "#import": [
        "debian.8",
        "debian-arm64"
      ]
    },
    "debian.8-armel": {
      "#import": [
        "debian.8",
        "debian-armel"
      ]
    },
    "debian.8-x64": {
      "#import": [
        "debian.8",
        "debian-x64"
      ]
    },
    "debian.8-x86": {
      "#import": [
        "debian.8",
        "debian-x86"
      ]
    },
    "debian.9": {
      "#import": [
        "debian"
      ]
    },
    "debian.9-arm": {
      "#import": [
        "debian.9",
        "debian-arm"
      ]
    },
    "debian.9-arm64": {
      "#import": [
        "debian.9",
        "debian-arm64"
      ]
    },
    "debian.9-armel": {
      "#import": [
        "debian.9",
        "debian-armel"
      ]
    },
    "debian.9-x64": {
      "#import": [
        "debian.9",
        "debian-x64"
      ]
    },
    "debian.9-x86": {
      "#import": [
        "debian.9",
        "debian-x86"
      ]
    },
    "fedora": {
      "#import": [
        "linux"
      ]
    },
    "fedora-arm64": {
      "#import": [
        "fedora",
        "linux-arm64"
      ]
    },
    "fedora-x64": {
      "#import": [
        "fedora",
        "linux-x64"
      ]
    },
    "fedora.23": {
      "#import": [
        "fedora"
      ]
    },
    "fedora.23-arm64": {
      "#import": [
        "fedora.23",
        "fedora-arm64"
      ]
    },
    "fedora.23-x64": {
      "#import": [
        "fedora.23",
        "fedora-x64"
      ]
    },
    "fedora.24": {
      "#import": [
        "fedora"
      ]
    },
    "fedora.24-arm64": {
      "#import": [
        "fedora.24",
        "fedora-arm64"
      ]
    },
    "fedora.24-x64": {
      "#import": [
        "fedora.24",
        "fedora-x64"
      ]
    },
    "fedora.25": {
      "#import": [
        "fedora"
      ]
    },
    "fedora.25-arm64": {
      "#import": [
        "fedora.25",
        "fedora-arm64"
      ]
    },
    "fedora.25-x64": {
      "#import": [
        "fedora.25",
        "fedora-x64"
      ]
    },
    "fedora.26": {
      "#import": [
        "fedora"
      ]
    },
    "fedora.26-arm64": {
      "#import": [
        "fedora.26",
        "fedora-arm64"
      ]
    },
    "fedora.26-x64": {
      "#import": [
        "fedora.26",
        "fedora-x64"
      ]
    },
    "fedora.27": {
      "#import": [
        "fedora"
      ]
    },
    "fedora.27-arm64": {
      "#import": [
        "fedora.27",
        "fedora-arm64"
      ]
    },
    "fedora.27-x64": {
      "#import": [
        "fedora.27",
        "fedora-x64"
      ]
    },
    "fedora.28": {
      "#import": [
        "fedora"
      ]
    },
    "fedora.28-arm64": {
      "#import": [
        "fedora.28",
        "fedora-arm64"
      ]
    },
    "fedora.28-x64": {
      "#import": [
        "fedora.28",
        "fedora-x64"
      ]
    },
    "fedora.29": {
      "#import": [
        "fedora"
      ]
    },
    "fedora.29-arm64": {
      "#import": [
        "fedora.29",
        "fedora-arm64"
      ]
    },
    "fedora.29-x64": {
      "#import": [
        "fedora.29",
        "fedora-x64"
      ]
    },
    "fedora.30": {
      "#import": [
        "fedora"
      ]
    },
    "fedora.30-arm64": {
      "#import": [
        "fedora.30",
        "fedora-arm64"
      ]
    },
    "fedora.30-x64": {
      "#import": [
        "fedora.30",
        "fedora-x64"
      ]
    },
    "fedora.31": {
      "#import": [
        "fedora"
      ]
    },
    "fedora.31-arm64": {
      "#import": [
        "fedora.31",
        "fedora-arm64"
      ]
    },
    "fedora.31-x64": {
      "#import": [
        "fedora.31",
        "fedora-x64"
      ]
    },
    "fedora.32": {
      "#import": [
        "fedora"
      ]
    },
    "fedora.32-arm64": {
      "#import": [
        "fedora.32",
        "fedora-arm64"
      ]
    },
    "fedora.32-x64": {
      "#import": [
        "fedora.32",
        "fedora-x64"
      ]
    },
    "fedora.33": {
      "#import": [
        "fedora"
      ]
    },
    "fedora.33-arm64": {
      "#import": [
        "fedora.33",
        "fedora-arm64"
      ]
    },
    "fedora.33-x64": {
      "#import": [
        "fedora.33",
        "fedora-x64"
      ]
    },
    "freebsd": {
      "#import": [
        "unix"
      ]
    },
    "freebsd-x64": {
      "#import": [
        "freebsd",
        "unix-x64"
      ]
    },
    "freebsd.11": {
      "#import": [
        "freebsd"
      ]
    },
    "freebsd.11-x64": {
      "#import": [
        "freebsd.11",
        "freebsd-x64"
      ]
    },
    "freebsd.11.0": {
      "#import": [
        "freebsd.11"
      ]
    },
    "freebsd.11.0-x64": {
      "#import": [
        "freebsd.11.0",
        "freebsd.11-x64"
      ]
    },
    "freebsd.11.1": {
      "#import": [
        "freebsd.11.0"
      ]
    },
    "freebsd.11.1-x64": {
      "#import": [
        "freebsd.11.1",
        "freebsd.11.0-x64"
      ]
    },
    "freebsd.11.2": {
      "#import": [
        "freebsd.11.1"
      ]
    },
    "freebsd.11.2-x64": {
      "#import": [
        "freebsd.11.2",
        "freebsd.11.1-x64"
      ]
    },
    "freebsd.11.3": {
      "#import": [
        "freebsd.11.2"
      ]
    },
    "freebsd.11.3-x64": {
      "#import": [
        "freebsd.11.3",
        "freebsd.11.2-x64"
      ]
    },
    "gentoo": {
      "#import": [
        "linux"
      ]
    },
    "gentoo-x64": {
      "#import": [
        "gentoo",
        "linux-x64"
      ]
    },
    "linux": {
      "#import": [
        "unix"
      ]
    },
    "linux-arm": {
      "#import": [
        "linux",
        "unix-arm"
      ]
    },
    "linux-arm64": {
      "#import": [
        "linux",
        "unix-arm64"
      ]
    },
    "linux-armel": {
      "#import": [
        "linux",
        "unix-armel"
      ]
    },
    "linux-musl": {
      "#import": [
        "linux"
      ]
    },
    "linux-musl-arm": {
      "#import": [
        "linux-musl",
        "linux-arm"
      ]
    },
    "linux-musl-arm64": {
      "#import": [
        "linux-musl",
        "linux-arm64"
      ]
    },
    "linux-musl-armel": {
      "#import": [
        "linux-musl",
        "linux-armel"
      ]
    },
    "linux-musl-x64": {
      "#import": [
        "linux-musl",
        "linux-x64"
      ]
    },
    "linux-musl-x86": {
      "#import": [
        "linux-musl",
        "linux-x86"
      ]
    },
    "linux-x64": {
      "#import": [
        "linux",
        "unix-x64"
      ]
    },
    "linux-x86": {
      "#import": [
        "linux",
        "unix-x86"
      ]
    },
    "linuxmint.17": {
      "#import": [
        "ubuntu.14.04"
      ]
    },
    "linuxmint.17-x64": {
      "#import": [
        "linuxmint.17",
        "ubuntu.14.04-x64"
      ]
    },
    "linuxmint.17.1": {
      "#import": [
        "linuxmint.17"
      ]
    },
    "linuxmint.17.1-x64": {
      "#import": [
        "linuxmint.17.1",
        "linuxmint.17-x64"
      ]
    },
    "linuxmint.17.2": {
      "#import": [
        "linuxmint.17.1"
      ]
    },
    "linuxmint.17.2-x64": {
      "#import": [
        "linuxmint.17.2",
        "linuxmint.17.1-x64"
      ]
    },
    "linuxmint.17.3": {
      "#import": [
        "linuxmint.17.2"
      ]
    },
    "linuxmint.17.3-x64": {
      "#import": [
        "linuxmint.17.3",
        "linuxmint.17.2-x64"
      ]
    },
    "linuxmint.18": {
      "#import": [
        "ubuntu.16.04"
      ]
    },
    "linuxmint.18-x64": {
      "#import": [
        "linuxmint.18",
        "ubuntu.16.04-x64"
      ]
    },
    "linuxmint.18.1": {
      "#import": [
        "linuxmint.18"
      ]
    },
    "linuxmint.18.1-x64": {
      "#import": [
        "linuxmint.18.1",
        "linuxmint.18-x64"
      ]
    },
    "linuxmint.18.2": {
      "#import": [
        "linuxmint.18.1"
      ]
    },
    "linuxmint.18.2-x64": {
      "#import": [
        "linuxmint.18.2",
        "linuxmint.18.1-x64"
      ]
    },
    "linuxmint.18.3": {
      "#import": [
        "linuxmint.18.2"
      ]
    },
    "linuxmint.18.3-x64": {
      "#import": [
        "linuxmint.18.3",
        "linuxmint.18.2-x64"
      ]
    },
    "linuxmint.19": {
      "#import": [
        "ubuntu.18.04"
      ]
    },
    "linuxmint.19-x64": {
      "#import": [
        "linuxmint.19",
        "ubuntu.18.04-x64"
      ]
    },
    "linuxmint.19.1": {
      "#import": [
        "linuxmint.19"
      ]
    },
    "linuxmint.19.1-x64": {
      "#import": [
        "linuxmint.19.1",
        "linuxmint.19-x64"
      ]
    },
    "linuxmint.19.2": {
      "#import": [
        "linuxmint.19.1"
      ]
    },
    "linuxmint.19.2-x64": {
      "#import": [
        "linuxmint.19.2",
        "linuxmint.19.1-x64"
      ]
    },
    "ol": {
      "#import": [
        "rhel"
      ]
    },
    "ol-x64": {
      "#import": [
        "ol",
        "rhel-x64"
      ]
    },
    "ol.7": {
      "#import": [
        "ol",
        "rhel.7"
      ]
    },
    "ol.7-x64": {
      "#import": [
        "ol.7",
        "ol-x64",
        "rhel.7-x64"
      ]
    },
    "ol.7.0": {
      "#import": [
        "ol.7",
        "rhel.7.0"
      ]
    },
    "ol.7.0-x64": {
      "#import": [
        "ol.7.0",
        "ol.7-x64",
        "rhel.7.0-x64"
      ]
    },
    "ol.7.1": {
      "#import": [
        "ol.7.0",
        "rhel.7.1"
      ]
    },
    "ol.7.1-x64": {
      "#import": [
        "ol.7.1",
        "ol.7.0-x64",
        "rhel.7.1-x64"
      ]
    },
    "ol.7.2": {
      "#import": [
        "ol.7.1",
        "rhel.7.2"
      ]
    },
    "ol.7.2-x64": {
      "#import": [
        "ol.7.2",
        "ol.7.1-x64",
        "rhel.7.2-x64"
      ]
    },
    "ol.7.3": {
      "#import": [
        "ol.7.2",
        "rhel.7.3"
      ]
    },
    "ol.7.3-x64": {
      "#import": [
        "ol.7.3",
        "ol.7.2-x64",
        "rhel.7.3-x64"
      ]
    },
    "ol.7.4": {
      "#import": [
        "ol.7.3",
        "rhel.7.4"
      ]
    },
    "ol.7.4-x64": {
      "#import": [
        "ol.7.4",
        "ol.7.3-x64",
        "rhel.7.4-x64"
      ]
    },
    "ol.7.5": {
      "#import": [
        "ol.7.4",
        "rhel.7.5"
      ]
    },
    "ol.7.5-x64": {
      "#import": [
        "ol.7.5",
        "ol.7.4-x64",
        "rhel.7.5-x64"
      ]
    },
    "ol.7.6": {
      "#import": [
        "ol.7.5",
        "rhel.7.6"
      ]
    },
    "ol.7.6-x64": {
      "#import": [
        "ol.7.6",
        "ol.7.5-x64",
        "rhel.7.6-x64"
      ]
    },
    "ol.8": {
      "#import": [
        "ol",
        "rhel.8"
      ]
    },
    "ol.8-x64": {
      "#import": [
        "ol.8",
        "ol-x64",
        "rhel.8-x64"
      ]
    },
    "ol.8.0": {
      "#import": [
        "ol.8",
        "rhel.8.0"
      ]
    },
    "ol.8.0-x64": {
      "#import": [
        "ol.8.0",
        "ol.8-x64",
        "rhel.8.0-x64"
      ]
    },
    "opensuse": {
      "#import": [
        "linux"
      ]
    },
    "opensuse-x64": {
      "#import": [
        "opensuse",
        "linux-x64"
      ]
    },
    "opensuse.13.2": {
      "#import": [
        "opensuse"
      ]
    },
    "opensuse.13.2-x64": {
      "#import": [
        "opensuse.13.2",
        "opensuse-x64"
      ]
    },
    "opensuse.15.0": {
      "#import": [
        "opensuse"
      ]
    },
    "opensuse.15.0-x64": {
      "#import": [
        "opensuse.15.0",
        "opensuse-x64"
      ]
    },
    "opensuse.15.1": {
      "#import": [
        "opensuse"
      ]
    },
    "opensuse.15.1-x64": {
      "#import": [
        "opensuse.15.1",
        "opensuse-x64"
      ]
    },
    "opensuse.42.1": {
      "#import": [
        "opensuse"
      ]
    },
    "opensuse.42.1-x64": {
      "#import": [
        "opensuse.42.1",
        "opensuse-x64"
      ]
    },
    "opensuse.42.2": {
      "#import": [
        "opensuse"
      ]
    },
    "opensuse.42.2-x64": {
      "#import": [
        "opensuse.42.2",
        "opensuse-x64"
      ]
    },
    "opensuse.42.3": {
      "#import": [
        "opensuse"
      ]
    },
    "opensuse.42.3-x64": {
      "#import": [
        "opensuse.42.3",
        "opensuse-x64"
      ]
    },
    "osx": {
      "#import": [
        "unix"
      ]
    },
    "osx-arm64": {
      "#import": [
        "osx",
        "unix-arm64"
      ]
    },
    "osx-x64": {
      "#import": [
        "osx",
        "unix-x64"
      ]
    },
    "osx.10.10": {
      "#import": [
        "osx"
      ]
    },
    "osx.10.10-arm64": {
      "#import": [
        "osx.10.10",
        "osx-arm64"
      ]
    },
    "osx.10.10-x64": {
      "#import": [
        "osx.10.10",
        "osx-x64"
      ]
    },
    "osx.10.11": {
      "#import": [
        "osx.10.10"
      ]
    },
    "osx.10.11-arm64": {
      "#import": [
        "osx.10.11",
        "osx.10.10-arm64"
      ]
    },
    "osx.10.11-x64": {
      "#import": [
        "osx.10.11",
        "osx.10.10-x64"
      ]
    },
    "osx.10.12": {
      "#import": [
        "osx.10.11"
      ]
    },
    "osx.10.12-arm64": {
      "#import": [
        "osx.10.12",
        "osx.10.11-arm64"
      ]
    },
    "osx.10.12-x64": {
      "#import": [
        "osx.10.12",
        "osx.10.11-x64"
      ]
    },
    "osx.10.13": {
      "#import": [
        "osx.10.12"
      ]
    },
    "osx.10.13-arm64": {
      "#import": [
        "osx.10.13",
        "osx.10.12-arm64"
      ]
    },
    "osx.10.13-x64": {
      "#import": [
        "osx.10.13",
        "osx.10.12-x64"
      ]
    },
    "osx.10.14": {
      "#import": [
        "osx.10.13"
      ]
    },
    "osx.10.14-arm64": {
      "#import": [
        "osx.10.14",
        "osx.10.13-arm64"
      ]
    },
    "osx.10.14-x64": {
      "#import": [
        "osx.10.14",
        "osx.10.13-x64"
      ]
    },
    "osx.10.15": {
      "#import": [
        "osx.10.14"
      ]
    },
    "osx.10.15-arm64": {
      "#import": [
        "osx.10.15",
        "osx.10.14-arm64"
      ]
    },
    "osx.10.15-x64": {
      "#import": [
        "osx.10.15",
        "osx.10.14-x64"
      ]
    },
    "osx.10.16": {
      "#import": [
        "osx.10.15"
      ]
    },
    "osx.10.16-arm64": {
      "#import": [
        "osx.10.16",
        "osx.10.15-arm64"
      ]
    },
    "osx.10.16-x64": {
      "#import": [
        "osx.10.16",
        "osx.10.15-x64"
      ]
    },
    "osx.11.0": {
      "#import": [
        "osx.10.16"
      ]
    },
    "osx.11.0-arm64": {
      "#import": [
        "osx.11.0",
        "osx.10.16-arm64"
      ]
    },
    "osx.11.0-x64": {
      "#import": [
        "osx.11.0",
        "osx.10.16-x64"
      ]
    },
    "rhel": {
      "#import": [
        "linux"
      ]
    },
    "rhel-arm64": {
      "#import": [
        "rhel",
        "linux-arm64"
      ]
    },
    "rhel-x64": {
      "#import": [
        "rhel",
        "linux-x64"
      ]
    },
    "rhel.6": {
      "#import": [
        "rhel"
      ]
    },
    "rhel.6-x64": {
      "#import": [
        "rhel.6",
        "rhel-x64"
      ]
    },
    "rhel.7": {
      "#import": [
        "rhel"
      ]
    },
    "rhel.7-x64": {
      "#import": [
        "rhel.7",
        "rhel-x64"
      ]
    },
    "rhel.7.0": {
      "#import": [
        "rhel.7"
      ]
    },
    "rhel.7.0-x64": {
      "#import": [
        "rhel.7.0",
        "rhel.7-x64"
      ]
    },
    "rhel.7.1": {
      "#import": [
        "rhel.7.0"
      ]
    },
    "rhel.7.1-x64": {
      "#import": [
        "rhel.7.1",
        "rhel.7.0-x64"
      ]
    },
    "rhel.7.2": {
      "#import": [
        "rhel.7.1"
      ]
    },
    "rhel.7.2-x64": {
      "#import": [
        "rhel.7.2",
        "rhel.7.1-x64"
      ]
    },
    "rhel.7.3": {
      "#import": [
        "rhel.7.2"
      ]
    },
    "rhel.7.3-x64": {
      "#import": [
        "rhel.7.3",
        "rhel.7.2-x64"
      ]
    },
    "rhel.7.4": {
      "#import": [
        "rhel.7.3"
      ]
    },
    "rhel.7.4-x64": {
      "#import": [
        "rhel.7.4",
        "rhel.7.3-x64"
      ]
    },
    "rhel.7.5": {
      "#import": [
        "rhel.7.4"
      ]
    },
    "rhel.7.5-x64": {
      "#import": [
        "rhel.7.5",
        "rhel.7.4-x64"
      ]
    },
    "rhel.7.6": {
      "#import": [
        "rhel.7.5"
      ]
    },
    "rhel.7.6-x64": {
      "#import": [
        "rhel.7.6",
        "rhel.7.5-x64"
      ]
    },
    "rhel.8": {
      "#import": [
        "rhel"
      ]
    },
    "rhel.8-arm64": {
      "#import": [
        "rhel.8",
        "rhel-arm64"
      ]
    },
    "rhel.8-x64": {
      "#import": [
        "rhel.8",
        "rhel-x64"
      ]
    },
    "rhel.8.0": {
      "#import": [
        "rhel.8"
      ]
    },
    "rhel.8.0-arm64": {
      "#import": [
        "rhel.8.0",
        "rhel.8-arm64"
      ]
    },
    "rhel.8.0-x64": {
      "#import": [
        "rhel.8.0",
        "rhel.8-x64"
      ]
    },
    "rhel.8.1": {
      "#import": [
        "rhel.8.0"
      ]
    },
    "rhel.8.1-arm64": {
      "#import": [
        "rhel.8.1",
        "rhel.8.0-arm64"
      ]
    },
    "rhel.8.1-x64": {
      "#import": [
        "rhel.8.1",
        "rhel.8.0-x64"
      ]
    },
    "sles": {
      "#import": [
        "linux"
      ]
    },
    "sles-x64": {
      "#import": [
        "sles",
        "linux-x64"
      ]
    },
    "sles.12": {
      "#import": [
        "sles"
      ]
    },
    "sles.12-x64": {
      "#import": [
        "sles.12",
        "sles-x64"
      ]
    },
    "sles.12.1": {
      "#import": [
        "sles.12"
      ]
    },
    "sles.12.1-x64": {
      "#import": [
        "sles.12.1",
        "sles.12-x64"
      ]
    },
    "sles.12.2": {
      "#import": [
        "sles.12.1"
      ]
    },
    "sles.12.2-x64": {
      "#import": [
        "sles.12.2",
        "sles.12.1-x64"
      ]
    },
    "sles.12.3": {
      "#import": [
        "sles.12.2"
      ]
    },
    "sles.12.3-x64": {
      "#import": [
        "sles.12.3",
        "sles.12.2-x64"
      ]
    },
    "sles.12.4": {
      "#import": [
        "sles.12.3"
      ]
    },
    "sles.12.4-x64": {
      "#import": [
        "sles.12.4",
        "sles.12.3-x64"
      ]
    },
    "sles.15": {
      "#import": [
        "sles.12.4"
      ]
    },
    "sles.15-x64": {
      "#import": [
        "sles.15",
        "sles.12.4-x64"
      ]
    },
    "sles.15.1": {
      "#import": [
        "sles.15"
      ]
    },
    "sles.15.1-x64": {
      "#import": [
        "sles.15.1",
        "sles.15-x64"
      ]
    },
    "tizen": {
      "#import": [
        "linux"
      ]
    },
    "tizen-armel": {
      "#import": [
        "tizen",
        "linux-armel"
      ]
    },
    "tizen-x86": {
      "#import": [
        "tizen",
        "linux-x86"
      ]
    },
    "tizen.4.0.0": {
      "#import": [
        "tizen"
      ]
    },
    "tizen.4.0.0-armel": {
      "#import": [
        "tizen.4.0.0",
        "tizen-armel"
      ]
    },
    "tizen.4.0.0-x86": {
      "#import": [
        "tizen.4.0.0",
        "tizen-x86"
      ]
    },
    "tizen.5.0.0": {
      "#import": [
        "tizen.4.0.0"
      ]
    },
    "tizen.5.0.0-armel": {
      "#import": [
        "tizen.5.0.0",
        "tizen.4.0.0-armel"
      ]
    },
    "tizen.5.0.0-x86": {
      "#import": [
        "tizen.5.0.0",
        "tizen.4.0.0-x86"
      ]
    },
    "ubuntu": {
      "#import": [
        "debian"
      ]
    },
    "ubuntu-arm": {
      "#import": [
        "ubuntu",
        "debian-arm"
      ]
    },
    "ubuntu-arm64": {
      "#import": [
        "ubuntu",
        "debian-arm64"
      ]
    },
    "ubuntu-x64": {
      "#import": [
        "ubuntu",
        "debian-x64"
      ]
    },
    "ubuntu-x86": {
      "#import": [
        "ubuntu",
        "debian-x86"
      ]
    },
    "ubuntu.14.04": {
      "#import": [
        "ubuntu"
      ]
    },
    "ubuntu.14.04-arm": {
      "#import": [
        "ubuntu.14.04",
        "ubuntu-arm"
      ]
    },
    "ubuntu.14.04-x64": {
      "#import": [
        "ubuntu.14.04",
        "ubuntu-x64"
      ]
    },
    "ubuntu.14.04-x86": {
      "#import": [
        "ubuntu.14.04",
        "ubuntu-x86"
      ]
    },
    "ubuntu.14.10": {
      "#import": [
        "ubuntu"
      ]
    },
    "ubuntu.14.10-arm": {
      "#import": [
        "ubuntu.14.10",
        "ubuntu-arm"
      ]
    },
    "ubuntu.14.10-x64": {
      "#import": [
        "ubuntu.14.10",
        "ubuntu-x64"
      ]
    },
    "ubuntu.14.10-x86": {
      "#import": [
        "ubuntu.14.10",
        "ubuntu-x86"
      ]
    },
    "ubuntu.15.04": {
      "#import": [
        "ubuntu"
      ]
    },
    "ubuntu.15.04-arm": {
      "#import": [
        "ubuntu.15.04",
        "ubuntu-arm"
      ]
    },
    "ubuntu.15.04-x64": {
      "#import": [
        "ubuntu.15.04",
        "ubuntu-x64"
      ]
    },
    "ubuntu.15.04-x86": {
      "#import": [
        "ubuntu.15.04",
        "ubuntu-x86"
      ]
    },
    "ubuntu.15.10": {
      "#import": [
        "ubuntu"
      ]
    },
    "ubuntu.15.10-arm": {
      "#import": [
        "ubuntu.15.10",
        "ubuntu-arm"
      ]
    },
    "ubuntu.15.10-x64": {
      "#import": [
        "ubuntu.15.10",
        "ubuntu-x64"
      ]
    },
    "ubuntu.15.10-x86": {
      "#import": [
        "ubuntu.15.10",
        "ubuntu-x86"
      ]
    },
    "ubuntu.16.04": {
      "#import": [
        "ubuntu"
      ]
    },
    "ubuntu.16.04-arm": {
      "#import": [
        "ubuntu.16.04",
        "ubuntu-arm"
      ]
    },
    "ubuntu.16.04-arm64": {
      "#import": [
        "ubuntu.16.04",
        "ubuntu-arm64"
      ]
    },
    "ubuntu.16.04-x64": {
      "#import": [
        "ubuntu.16.04",
        "ubuntu-x64"
      ]
    },
    "ubuntu.16.04-x86": {
      "#import": [
        "ubuntu.16.04",
        "ubuntu-x86"
      ]
    },
    "ubuntu.16.10": {
      "#import": [
        "ubuntu"
      ]
    },
    "ubuntu.16.10-arm": {
      "#import": [
        "ubuntu.16.10",
        "ubuntu-arm"
      ]
    },
    "ubuntu.16.10-arm64": {
      "#import": [
        "ubuntu.16.10",
        "ubuntu-arm64"
      ]
    },
    "ubuntu.16.10-x64": {
      "#import": [
        "ubuntu.16.10",
        "ubuntu-x64"
      ]
    },
    "ubuntu.16.10-x86": {
      "#import": [
        "ubuntu.16.10",
        "ubuntu-x86"
      ]
    },
    "ubuntu.17.04": {
      "#import": [
        "ubuntu"
      ]
    },
    "ubuntu.17.04-arm": {
      "#import": [
        "ubuntu.17.04",
        "ubuntu-arm"
      ]
    },
    "ubuntu.17.04-arm64": {
      "#import": [
        "ubuntu.17.04",
        "ubuntu-arm64"
      ]
    },
    "ubuntu.17.04-x64": {
      "#import": [
        "ubuntu.17.04",
        "ubuntu-x64"
      ]
    },
    "ubuntu.17.04-x86": {
      "#import": [
        "ubuntu.17.04",
        "ubuntu-x86"
      ]
    },
    "ubuntu.17.10": {
      "#import": [
        "ubuntu"
      ]
    },
    "ubuntu.17.10-arm": {
      "#import": [
        "ubuntu.17.10",
        "ubuntu-arm"
      ]
    },
    "ubuntu.17.10-arm64": {
      "#import": [
        "ubuntu.17.10",
        "ubuntu-arm64"
      ]
    },
    "ubuntu.17.10-x64": {
      "#import": [
        "ubuntu.17.10",
        "ubuntu-x64"
      ]
    },
    "ubuntu.17.10-x86": {
      "#import": [
        "ubuntu.17.10",
        "ubuntu-x86"
      ]
    },
    "ubuntu.18.04": {
      "#import": [
        "ubuntu"
      ]
    },
    "ubuntu.18.04-arm": {
      "#import": [
        "ubuntu.18.04",
        "ubuntu-arm"
      ]
    },
    "ubuntu.18.04-arm64": {
      "#import": [
        "ubuntu.18.04",
        "ubuntu-arm64"
      ]
    },
    "ubuntu.18.04-x64": {
      "#import": [
        "ubuntu.18.04",
        "ubuntu-x64"
      ]
    },
    "ubuntu.18.04-x86": {
      "#import": [
        "ubuntu.18.04",
        "ubuntu-x86"
      ]
    },
    "ubuntu.18.10": {
      "#import": [
        "ubuntu"
      ]
    },
    "ubuntu.18.10-arm": {
      "#import": [
        "ubuntu.18.10",
        "ubuntu-arm"
      ]
    },
    "ubuntu.18.10-arm64": {
      "#import": [
        "ubuntu.18.10",
        "ubuntu-arm64"
      ]
    },
    "ubuntu.18.10-x64": {
      "#import": [
        "ubuntu.18.10",
        "ubuntu-x64"
      ]
    },
    "ubuntu.18.10-x86": {
      "#import": [
        "ubuntu.18.10",
        "ubuntu-x86"
      ]
    },
    "ubuntu.19.04": {
      "#import": [
        "ubuntu"
      ]
    },
    "ubuntu.19.04-arm": {
      "#import": [
        "ubuntu.19.04",
        "ubuntu-arm"
      ]
    },
    "ubuntu.19.04-arm64": {
      "#import": [
        "ubuntu.19.04",
        "ubuntu-arm64"
      ]
    },
    "ubuntu.19.04-x64": {
      "#import": [
        "ubuntu.19.04",
        "ubuntu-x64"
      ]
    },
    "ubuntu.19.04-x86": {
      "#import": [
        "ubuntu.19.04",
        "ubuntu-x86"
      ]
    },
    "ubuntu.19.10": {
      "#import": [
        "ubuntu"
      ]
    },
    "ubuntu.19.10-arm": {
      "#import": [
        "ubuntu.19.10",
        "ubuntu-arm"
      ]
    },
    "ubuntu.19.10-arm64": {
      "#import": [
        "ubuntu.19.10",
        "ubuntu-arm64"
      ]
    },
    "ubuntu.19.10-x64": {
      "#import": [
        "ubuntu.19.10",
        "ubuntu-x64"
      ]
    },
    "ubuntu.19.10-x86": {
      "#import": [
        "ubuntu.19.10",
        "ubuntu-x86"
      ]
    },
    "ubuntu.20.04": {
      "#import": [
        "ubuntu"
      ]
    },
    "ubuntu.20.04-arm": {
      "#import": [
        "ubuntu.20.04",
        "ubuntu-arm"
      ]
    },
    "ubuntu.20.04-arm64": {
      "#import": [
        "ubuntu.20.04",
        "ubuntu-arm64"
      ]
    },
    "ubuntu.20.04-x64": {
      "#import": [
        "ubuntu.20.04",
        "ubuntu-x64"
      ]
    },
    "ubuntu.20.04-x86": {
      "#import": [
        "ubuntu.20.04",
        "ubuntu-x86"
      ]
    },
    "ubuntu.20.10": {
      "#import": [
        "ubuntu"
      ]
    },
    "ubuntu.20.10-arm": {
      "#import": [
        "ubuntu.20.10",
        "ubuntu-arm"
      ]
    },
    "ubuntu.20.10-arm64": {
      "#import": [
        "ubuntu.20.10",
        "ubuntu-arm64"
      ]
    },
    "ubuntu.20.10-x64": {
      "#import": [
        "ubuntu.20.10",
        "ubuntu-x64"
      ]
    },
    "ubuntu.20.10-x86": {
      "#import": [
        "ubuntu.20.10",
        "ubuntu-x86"
      ]
    },
    "ubuntu.21.04": {
      "#import": [
        "ubuntu"
      ]
    },
    "ubuntu.21.04-arm": {
      "#import": [
        "ubuntu.21.04",
        "ubuntu-arm"
      ]
    },
    "ubuntu.21.04-arm64": {
      "#import": [
        "ubuntu.21.04",
        "ubuntu-arm64"
      ]
    },
    "ubuntu.21.04-x64": {
      "#import": [
        "ubuntu.21.04",
        "ubuntu-x64"
      ]
    },
    "ubuntu.21.04-x86": {
      "#import": [
        "ubuntu.21.04",
        "ubuntu-x86"
      ]
    },
    "ubuntu.21.10": {
      "#import": [
        "ubuntu"
      ]
    },
    "ubuntu.21.10-arm": {
      "#import": [
        "ubuntu.21.10",
        "ubuntu-arm"
      ]
    },
    "ubuntu.21.10-arm64": {
      "#import": [
        "ubuntu.21.10",
        "ubuntu-arm64"
      ]
    },
    "ubuntu.21.10-x64": {
      "#import": [
        "ubuntu.21.10",
        "ubuntu-x64"
      ]
    },
    "ubuntu.21.10-x86": {
      "#import": [
        "ubuntu.21.10",
        "ubuntu-x86"
      ]
    },
    "unix": {
      "#import": [
        "any"
      ]
    },
    "unix-arm": {
      "#import": [
        "unix"
      ]
    },
    "unix-arm64": {
      "#import": [
        "unix"
      ]
    },
    "unix-armel": {
      "#import": [
        "unix"
      ]
    },
    "unix-x64": {
      "#import": [
        "unix"
      ]
    },
    "unix-x86": {
      "#import": [
        "unix"
      ]
    },
    "win": {
      "#import": [
        "any"
      ]
    },
    "win-aot": {
      "#import": [
        "win",
        "aot"
      ]
    },
    "win-arm": {
      "#import": [
        "win"
      ]
    },
    "win-arm-aot": {
      "#import": [
        "win-aot",
        "win-arm"
      ]
    },
    "win-arm64": {
      "#import": [
        "win"
      ]
    },
    "win-arm64-aot": {
      "#import": [
        "win-aot",
        "win-arm64"
      ]
    },
    "win-x64": {
      "#import": [
        "win"
      ]
    },
    "win-x64-aot": {
      "#import": [
        "win-aot",
        "win-x64"
      ]
    },
    "win-x86": {
      "#import": [
        "win"
      ]
    },
    "win-x86-aot": {
      "#import": [
        "win-aot",
        "win-x86"
      ]
    },
    "win10": {
      "#import": [
        "win81"
      ]
    },
    "win10-aot": {
      "#import": [
        "win10",
        "win81-aot"
      ]
    },
    "win10-arm": {
      "#import": [
        "win10",
        "win81-arm"
      ]
    },
    "win10-arm-aot": {
      "#import": [
        "win10-aot",
        "win10-arm",
        "win10",
        "win81-arm-aot"
      ]
    },
    "win10-arm64": {
      "#import": [
        "win10",
        "win81-arm64"
      ]
    },
    "win10-arm64-aot": {
      "#import": [
        "win10-aot",
        "win10-arm64",
        "win10",
        "win81-arm64-aot"
      ]
    },
    "win10-x64": {
      "#import": [
        "win10",
        "win81-x64"
      ]
    },
    "win10-x64-aot": {
      "#import": [
        "win10-aot",
        "win10-x64",
        "win10",
        "win81-x64-aot"
      ]
    },
    "win10-x86": {
      "#import": [
        "win10",
        "win81-x86"
      ]
    },
    "win10-x86-aot": {
      "#import": [
        "win10-aot",
        "win10-x86",
        "win10",
        "win81-x86-aot"
      ]
    },
    "win7": {
      "#import": [
        "win"
      ]
    },
    "win7-aot": {
      "#import": [
        "win7",
        "win-aot"
      ]
    },
    "win7-arm": {
      "#import": [
        "win7",
        "win-arm"
      ]
    },
    "win7-arm-aot": {
      "#import": [
        "win7-aot",
        "win7-arm",
        "win7",
        "win-arm-aot"
      ]
    },
    "win7-arm64": {
      "#import": [
        "win7",
        "win-arm64"
      ]
    },
    "win7-arm64-aot": {
      "#import": [
        "win7-aot",
        "win7-arm64",
        "win7",
        "win-arm64-aot"
      ]
    },
    "win7-x64": {
      "#import": [
        "win7",
        "win-x64"
      ]
    },
    "win7-x64-aot": {
      "#import": [
        "win7-aot",
        "win7-x64",
        "win7",
        "win-x64-aot"
      ]
    },
    "win7-x86": {
      "#import": [
        "win7",
        "win-x86"
      ]
    },
    "win7-x86-aot": {
      "#import": [
        "win7-aot",
        "win7-x86",
        "win7",
        "win-x86-aot"
      ]
    },
    "win8": {
      "#import": [
        "win7"
      ]
    },
    "win8-aot": {
      "#import": [
        "win8",
        "win7-aot"
      ]
    },
    "win8-arm": {
      "#import": [
        "win8",
        "win7-arm"
      ]
    },
    "win8-arm-aot": {
      "#import": [
        "win8-aot",
        "win8-arm",
        "win8",
        "win7-arm-aot"
      ]
    },
    "win8-arm64": {
      "#import": [
        "win8",
        "win7-arm64"
      ]
    },
    "win8-arm64-aot": {
      "#import": [
        "win8-aot",
        "win8-arm64",
        "win8",
        "win7-arm64-aot"
      ]
    },
    "win8-x64": {
      "#import": [
        "win8",
        "win7-x64"
      ]
    },
    "win8-x64-aot": {
      "#import": [
        "win8-aot",
        "win8-x64",
        "win8",
        "win7-x64-aot"
      ]
    },
    "win8-x86": {
      "#import": [
        "win8",
        "win7-x86"
      ]
    },
    "win8-x86-aot": {
      "#import": [
        "win8-aot",
        "win8-x86",
        "win8",
        "win7-x86-aot"
      ]
    },
    "win81": {
      "#import": [
        "win8"
      ]
    },
    "win81-aot": {
      "#import": [
        "win81",
        "win8-aot"
      ]
    },
    "win81-arm": {
      "#import": [
        "win81",
        "win8-arm"
      ]
    },
    "win81-arm-aot": {
      "#import": [
        "win81-aot",
        "win81-arm",
        "win81",
        "win8-arm-aot"
      ]
    },
    "win81-arm64": {
      "#import": [
        "win81",
        "win8-arm64"
      ]
    },
    "win81-arm64-aot": {
      "#import": [
        "win81-aot",
        "win81-arm64",
        "win81",
        "win8-arm64-aot"
      ]
    },
    "win81-x64": {
      "#import": [
        "win81",
        "win8-x64"
      ]
    },
    "win81-x64-aot": {
      "#import": [
        "win81-aot",
        "win81-x64",
        "win81",
        "win8-x64-aot"
      ]
    },
    "win81-x86": {
      "#import": [
        "win81",
        "win8-x86"
      ]
    },
    "win81-x86-aot": {
      "#import": [
        "win81-aot",
        "win81-x86",
        "win81",
        "win8-x86-aot"
      ]
    }
  }
}